{
  "count": 5,
  "value": [
    {
      "id": 2,
      "rev": 2,
      "fields": {
        "System.AreaPath": "TailwindTradersTesting",
        "System.TeamProject": "TailwindTradersTesting",
        "System.IterationPath": "$ProjectName$\\Iteration 1",
        "System.WorkItemType": "Epic",
        "System.State": "New",
        "System.Reason": "New",
        "System.CreatedDate": "2023-03-20T19:02:33.833Z",
        "System.CreatedBy": "a_cilut <a_cilut@fastex.es>",
        "System.ChangedDate": "2023-03-20T19:02:33.833Z",
        "System.ChangedBy": "a_cilut <a_cilut@fastex.es>",
        "System.Title": "Vendor Management",
        "Microsoft.VSTS.Scheduling.Effort": 0.0,
        "System.Description": "Vendor Management",
        "System.AssignedTo": null,
        "Microsoft.VSTS.Scheduling.RemainingWork": 0.0,
        "Microsoft.VSTS.Common.Priority": 2.0,
        "System.BoardLane": null,
        "System.Tags": null,
        "Microsoft.VSTS.TCM.Steps": null,
        "Microsoft.VSTS.TCM.Parameters": null,
        "Microsoft.VSTS.TCM.LocalDataSource": null,
        "Microsoft.VSTS.TCM.AutomationStatus": null,
        "System.History": null
      },
      "relations": null,
      "url": "https://dev.azure.com/CreadorProyectosOrg/_apis/wit/workItems/2"
    },
    {
      "id": 3,
      "rev": 2,
      "fields": {
        "System.AreaPath": "TailwindTradersTesting",
        "System.TeamProject": "TailwindTradersTesting",
        "System.IterationPath": "$ProjectName$\\Iteration 1",
        "System.WorkItemType": "Epic",
        "System.State": "New",
        "System.Reason": "New",
        "System.CreatedDate": "2023-03-20T19:02:34.143Z",
        "System.CreatedBy": "a_cilut <a_cilut@fastex.es>",
        "System.ChangedDate": "2023-03-20T19:02:34.143Z",
        "System.ChangedBy": "a_cilut <a_cilut@fastex.es>",
        "System.Title": "Payments",
        "Microsoft.VSTS.Scheduling.Effort": 0.0,
        "System.Description": "Payments",
        "System.AssignedTo": null,
        "Microsoft.VSTS.Scheduling.RemainingWork": 0.0,
        "Microsoft.VSTS.Common.Priority": 2.0,
        "System.BoardLane": null,
        "System.Tags": null,
        "Microsoft.VSTS.TCM.Steps": null,
        "Microsoft.VSTS.TCM.Parameters": null,
        "Microsoft.VSTS.TCM.LocalDataSource": null,
        "Microsoft.VSTS.TCM.AutomationStatus": null,
        "System.History": null
      },
      "relations": [
        {
          "rel": "System.LinkTypes.Hierarchy-Forward",
          "url": "https://dev.azure.com/CreadorProyectosOrg/_apis/wit/workItems/11",
          "attributes": {
            "isLocked": "false",
            "comment": "Making a new link for the dependency",
            "name": "Child"
          }
        },
        {
          "rel": "System.LinkTypes.Hierarchy-Forward",
          "url": "https://dev.azure.com/CreadorProyectosOrg/_apis/wit/workItems/8",
          "attributes": {
            "isLocked": "false",
            "comment": "Making a new link for the dependency",
            "name": "Child"
          }
        },
        {
          "rel": "System.LinkTypes.Hierarchy-Forward",
          "url": "https://dev.azure.com/CreadorProyectosOrg/_apis/wit/workItems/7",
          "attributes": {
            "isLocked": "false",
            "comment": "Making a new link for the dependency",
            "name": "Child"
          }
        }
      ],
      "url": "https://dev.azure.com/CreadorProyectosOrg/_apis/wit/workItems/3"
    },
    {
      "id": 4,
      "rev": 2,
      "fields": {
        "System.AreaPath": "TailwindTradersTesting",
        "System.TeamProject": "TailwindTradersTesting",
        "System.IterationPath": "$ProjectName$\\Iteration 1",
        "System.WorkItemType": "Epic",
        "System.State": "New",
        "System.Reason": "New",
        "System.CreatedDate": "2023-03-20T19:02:34.49Z",
        "System.CreatedBy": "a_cilut <a_cilut@fastex.es>",
        "System.ChangedDate": "2023-03-20T19:02:34.49Z",
        "System.ChangedBy": "a_cilut <a_cilut@fastex.es>",
        "System.Title": "Customer Management",
        "Microsoft.VSTS.Scheduling.Effort": 0.0,
        "System.Description": "Customer Management",
        "System.AssignedTo": null,
        "Microsoft.VSTS.Scheduling.RemainingWork": 0.0,
        "Microsoft.VSTS.Common.Priority": 2.0,
        "System.BoardLane": null,
        "System.Tags": null,
        "Microsoft.VSTS.TCM.Steps": null,
        "Microsoft.VSTS.TCM.Parameters": null,
        "Microsoft.VSTS.TCM.LocalDataSource": null,
        "Microsoft.VSTS.TCM.AutomationStatus": null,
        "System.History": null
      },
      "relations": [
        {
          "rel": "System.LinkTypes.Hierarchy-Forward",
          "url": "https://dev.azure.com/CreadorProyectosOrg/_apis/wit/workItems/15",
          "attributes": {
            "isLocked": "false",
            "comment": "Making a new link for the dependency",
            "name": "Child"
          }
        },
        {
          "rel": "System.LinkTypes.Hierarchy-Forward",
          "url": "https://dev.azure.com/CreadorProyectosOrg/_apis/wit/workItems/13",
          "attributes": {
            "isLocked": "false",
            "comment": "Making a new link for the dependency",
            "name": "Child"
          }
        }
      ],
      "url": "https://dev.azure.com/CreadorProyectosOrg/_apis/wit/workItems/4"
    },
    {
      "id": 5,
      "rev": 2,
      "fields": {
        "System.AreaPath": "TailwindTradersTesting",
        "System.TeamProject": "TailwindTradersTesting",
        "System.IterationPath": "$ProjectName$\\Iteration 2",
        "System.WorkItemType": "Epic",
        "System.State": "New",
        "System.Reason": "New",
        "System.CreatedDate": "2023-03-20T19:02:34.75Z",
        "System.CreatedBy": "a_cilut <a_cilut@fastex.es>",
        "System.ChangedDate": "2023-03-20T19:02:34.75Z",
        "System.ChangedBy": "a_cilut <a_cilut@fastex.es>",
        "System.Title": "Loyalty Membership",
        "Microsoft.VSTS.Scheduling.Effort": 0.0,
        "System.Description": "Loyalty Membership",
        "System.AssignedTo": null,
        "Microsoft.VSTS.Scheduling.RemainingWork": 0.0,
        "Microsoft.VSTS.Common.Priority": 2.0,
        "System.BoardLane": null,
        "System.Tags": null,
        "Microsoft.VSTS.TCM.Steps": null,
        "Microsoft.VSTS.TCM.Parameters": null,
        "Microsoft.VSTS.TCM.LocalDataSource": null,
        "Microsoft.VSTS.TCM.AutomationStatus": null,
        "System.History": null
      },
      "relations": [
        {
          "rel": "System.LinkTypes.Hierarchy-Forward",
          "url": "https://dev.azure.com/CreadorProyectosOrg/_apis/wit/workItems/10",
          "attributes": {
            "isLocked": "false",
            "comment": "Making a new link for the dependency",
            "name": "Child"
          }
        },
        {
          "rel": "System.LinkTypes.Hierarchy-Forward",
          "url": "https://dev.azure.com/CreadorProyectosOrg/_apis/wit/workItems/9",
          "attributes": {
            "isLocked": "false",
            "comment": "Making a new link for the dependency",
            "name": "Child"
          }
        }
      ],
      "url": "https://dev.azure.com/CreadorProyectosOrg/_apis/wit/workItems/5"
    },
    {
      "id": 6,
      "rev": 2,
      "fields": {
        "System.AreaPath": "TailwindTradersTesting",
        "System.TeamProject": "TailwindTradersTesting",
        "System.IterationPath": "$ProjectName$\\Iteration 3",
        "System.WorkItemType": "Epic",
        "System.State": "New",
        "System.Reason": "New",
        "System.CreatedDate": "2023-03-20T19:02:35.063Z",
        "System.CreatedBy": "a_cilut <a_cilut@fastex.es>",
        "System.ChangedDate": "2023-03-20T19:02:35.063Z",
        "System.ChangedBy": "a_cilut <a_cilut@fastex.es>",
        "System.Title": "Shopping Cart",
        "Microsoft.VSTS.Scheduling.Effort": 0.0,
        "System.Description": "Shopping Cart",
        "System.AssignedTo": null,
        "Microsoft.VSTS.Scheduling.RemainingWork": 0.0,
        "Microsoft.VSTS.Common.Priority": 2.0,
        "System.BoardLane": null,
        "System.Tags": null,
        "Microsoft.VSTS.TCM.Steps": null,
        "Microsoft.VSTS.TCM.Parameters": null,
        "Microsoft.VSTS.TCM.LocalDataSource": null,
        "Microsoft.VSTS.TCM.AutomationStatus": null,
        "System.History": null
      },
      "relations": [
        {
          "rel": "System.LinkTypes.Hierarchy-Forward",
          "url": "https://dev.azure.com/CreadorProyectosOrg/_apis/wit/workItems/12",
          "attributes": {
            "isLocked": "false",
            "comment": "Making a new link for the dependency",
            "name": "Child"
          }
        },
        {
          "rel": "System.LinkTypes.Hierarchy-Forward",
          "url": "https://dev.azure.com/CreadorProyectosOrg/_apis/wit/workItems/16",
          "attributes": {
            "isLocked": "false",
            "comment": "Making a new link for the dependency",
            "name": "Child"
          }
        },
        {
          "rel": "System.LinkTypes.Hierarchy-Forward",
          "url": "https://dev.azure.com/CreadorProyectosOrg/_apis/wit/workItems/14",
          "attributes": {
            "isLocked": "false",
            "comment": "Making a new link for the dependency",
            "name": "Child"
          }
        }
      ],
      "url": "https://dev.azure.com/CreadorProyectosOrg/_apis/wit/workItems/6"
    }
  ],
  "HttpStatusCode": 0,
  "Message": null
}