{
  "count": 10,
  "value": [
    {
      "id": 7,
      "rev": 2,
      "fields": {
        "System.AreaPath": "TailwindTradersTesting",
        "System.TeamProject": "TailwindTradersTesting",
        "System.IterationPath": "$ProjectName$\\Iteration 1",
        "System.WorkItemType": "Feature",
        "System.State": "New",
        "System.Reason": "New",
        "System.CreatedDate": "2023-03-20T19:02:35.297Z",
        "System.CreatedBy": "a_cilut <a_cilut@fastex.es>",
        "System.ChangedDate": "2023-03-20T19:02:35.297Z",
        "System.ChangedBy": "a_cilut <a_cilut@fastex.es>",
        "System.Title": "Shipping & Delivery",
        "Microsoft.VSTS.Scheduling.Effort": 0.0,
        "System.Description": "Shipping &amp; Delivery",
        "System.AssignedTo": null,
        "Microsoft.VSTS.Scheduling.RemainingWork": 0.0,
        "Microsoft.VSTS.Common.Priority": 2.0,
        "System.BoardLane": null,
        "System.Tags": null,
        "Microsoft.VSTS.TCM.Steps": null,
        "Microsoft.VSTS.TCM.Parameters": null,
        "Microsoft.VSTS.TCM.LocalDataSource": null,
        "Microsoft.VSTS.TCM.AutomationStatus": null,
        "System.History": null
      },
      "relations": [
        {
          "rel": "System.LinkTypes.Hierarchy-Reverse",
          "url": "https://dev.azure.com/CreadorProyectosOrg/_apis/wit/workItems/3",
          "attributes": {
            "isLocked": "false",
            "comment": "Making a new link for the dependency",
            "name": "Parent"
          }
        },
        {
          "rel": "System.LinkTypes.Hierarchy-Forward",
          "url": "https://dev.azure.com/CreadorProyectosOrg/_apis/wit/workItems/67",
          "attributes": {
            "isLocked": "false",
            "comment": "Making a new link for the dependency",
            "name": "Child"
          }
        },
        {
          "rel": "System.LinkTypes.Hierarchy-Forward",
          "url": "https://dev.azure.com/CreadorProyectosOrg/_apis/wit/workItems/64",
          "attributes": {
            "isLocked": "false",
            "comment": "Making a new link for the dependency",
            "name": "Child"
          }
        }
      ],
      "url": "https://dev.azure.com/CreadorProyectosOrg/_apis/wit/workItems/7"
    },
    {
      "id": 8,
      "rev": 2,
      "fields": {
        "System.AreaPath": "TailwindTradersTesting",
        "System.TeamProject": "TailwindTradersTesting",
        "System.IterationPath": "$ProjectName$\\Iteration 1",
        "System.WorkItemType": "Feature",
        "System.State": "New",
        "System.Reason": "New",
        "System.CreatedDate": "2023-03-20T19:02:35.52Z",
        "System.CreatedBy": "a_cilut <a_cilut@fastex.es>",
        "System.ChangedDate": "2023-03-20T19:02:35.52Z",
        "System.ChangedBy": "a_cilut <a_cilut@fastex.es>",
        "System.Title": "Gift cards",
        "Microsoft.VSTS.Scheduling.Effort": 0.0,
        "System.Description": "Gift cards",
        "System.AssignedTo": null,
        "Microsoft.VSTS.Scheduling.RemainingWork": 0.0,
        "Microsoft.VSTS.Common.Priority": 2.0,
        "System.BoardLane": null,
        "System.Tags": null,
        "Microsoft.VSTS.TCM.Steps": null,
        "Microsoft.VSTS.TCM.Parameters": null,
        "Microsoft.VSTS.TCM.LocalDataSource": null,
        "Microsoft.VSTS.TCM.AutomationStatus": null,
        "System.History": null
      },
      "relations": [
        {
          "rel": "System.LinkTypes.Hierarchy-Reverse",
          "url": "https://dev.azure.com/CreadorProyectosOrg/_apis/wit/workItems/3",
          "attributes": {
            "isLocked": "false",
            "comment": "Making a new link for the dependency",
            "name": "Parent"
          }
        }
      ],
      "url": "https://dev.azure.com/CreadorProyectosOrg/_apis/wit/workItems/8"
    },
    {
      "id": 9,
      "rev": 2,
      "fields": {
        "System.AreaPath": "TailwindTradersTesting",
        "System.TeamProject": "TailwindTradersTesting",
        "System.IterationPath": "$ProjectName$\\Iteration 2",
        "System.WorkItemType": "Feature",
        "System.State": "New",
        "System.Reason": "New",
        "System.CreatedDate": "2023-03-20T19:02:35.77Z",
        "System.CreatedBy": "a_cilut <a_cilut@fastex.es>",
        "System.ChangedDate": "2023-03-20T19:02:35.77Z",
        "System.ChangedBy": "a_cilut <a_cilut@fastex.es>",
        "System.Title": "Loyalty points",
        "Microsoft.VSTS.Scheduling.Effort": 0.0,
        "System.Description": "Loyalty points",
        "System.AssignedTo": null,
        "Microsoft.VSTS.Scheduling.RemainingWork": 0.0,
        "Microsoft.VSTS.Common.Priority": 2.0,
        "System.BoardLane": null,
        "System.Tags": null,
        "Microsoft.VSTS.TCM.Steps": null,
        "Microsoft.VSTS.TCM.Parameters": null,
        "Microsoft.VSTS.TCM.LocalDataSource": null,
        "Microsoft.VSTS.TCM.AutomationStatus": null,
        "System.History": null
      },
      "relations": [
        {
          "rel": "System.LinkTypes.Hierarchy-Reverse",
          "url": "https://dev.azure.com/CreadorProyectosOrg/_apis/wit/workItems/5",
          "attributes": {
            "isLocked": "false",
            "comment": "Making a new link for the dependency",
            "name": "Parent"
          }
        },
        {
          "rel": "System.LinkTypes.Hierarchy-Forward",
          "url": "https://dev.azure.com/CreadorProyectosOrg/_apis/wit/workItems/60",
          "attributes": {
            "isLocked": "false",
            "comment": "Making a new link for the dependency",
            "name": "Child"
          }
        },
        {
          "rel": "System.LinkTypes.Hierarchy-Forward",
          "url": "https://dev.azure.com/CreadorProyectosOrg/_apis/wit/workItems/62",
          "attributes": {
            "isLocked": "false",
            "comment": "Making a new link for the dependency",
            "name": "Child"
          }
        }
      ],
      "url": "https://dev.azure.com/CreadorProyectosOrg/_apis/wit/workItems/9"
    },
    {
      "id": 10,
      "rev": 2,
      "fields": {
        "System.AreaPath": "TailwindTradersTesting",
        "System.TeamProject": "TailwindTradersTesting",
        "System.IterationPath": "$ProjectName$\\Iteration 1",
        "System.WorkItemType": "Feature",
        "System.State": "New",
        "System.Reason": "New",
        "System.CreatedDate": "2023-03-20T19:02:36.007Z",
        "System.CreatedBy": "a_cilut <a_cilut@fastex.es>",
        "System.ChangedDate": "2023-03-20T19:02:36.007Z",
        "System.ChangedBy": "a_cilut <a_cilut@fastex.es>",
        "System.Title": "Redemption",
        "Microsoft.VSTS.Scheduling.Effort": 0.0,
        "System.Description": "Redemption",
        "System.AssignedTo": null,
        "Microsoft.VSTS.Scheduling.RemainingWork": 0.0,
        "Microsoft.VSTS.Common.Priority": 2.0,
        "System.BoardLane": null,
        "System.Tags": null,
        "Microsoft.VSTS.TCM.Steps": null,
        "Microsoft.VSTS.TCM.Parameters": null,
        "Microsoft.VSTS.TCM.LocalDataSource": null,
        "Microsoft.VSTS.TCM.AutomationStatus": null,
        "System.History": null
      },
      "relations": [
        {
          "rel": "System.LinkTypes.Hierarchy-Reverse",
          "url": "https://dev.azure.com/CreadorProyectosOrg/_apis/wit/workItems/5",
          "attributes": {
            "isLocked": "false",
            "comment": "Making a new link for the dependency",
            "name": "Parent"
          }
        }
      ],
      "url": "https://dev.azure.com/CreadorProyectosOrg/_apis/wit/workItems/10"
    },
    {
      "id": 11,
      "rev": 2,
      "fields": {
        "System.AreaPath": "TailwindTradersTesting",
        "System.TeamProject": "TailwindTradersTesting",
        "System.IterationPath": "$ProjectName$\\Iteration 1",
        "System.WorkItemType": "Feature",
        "System.State": "New",
        "System.Reason": "New",
        "System.CreatedDate": "2023-03-20T19:02:36.23Z",
        "System.CreatedBy": "a_cilut <a_cilut@fastex.es>",
        "System.ChangedDate": "2023-03-20T19:02:36.23Z",
        "System.ChangedBy": "a_cilut <a_cilut@fastex.es>",
        "System.Title": "Credit Card Payments",
        "Microsoft.VSTS.Scheduling.Effort": 0.0,
        "System.Description": "Credit Card Payments",
        "System.AssignedTo": null,
        "Microsoft.VSTS.Scheduling.RemainingWork": 0.0,
        "Microsoft.VSTS.Common.Priority": 2.0,
        "System.BoardLane": null,
        "System.Tags": null,
        "Microsoft.VSTS.TCM.Steps": null,
        "Microsoft.VSTS.TCM.Parameters": null,
        "Microsoft.VSTS.TCM.LocalDataSource": null,
        "Microsoft.VSTS.TCM.AutomationStatus": null,
        "System.History": null
      },
      "relations": [
        {
          "rel": "System.LinkTypes.Hierarchy-Reverse",
          "url": "https://dev.azure.com/CreadorProyectosOrg/_apis/wit/workItems/3",
          "attributes": {
            "isLocked": "false",
            "comment": "Making a new link for the dependency",
            "name": "Parent"
          }
        }
      ],
      "url": "https://dev.azure.com/CreadorProyectosOrg/_apis/wit/workItems/11"
    },
    {
      "id": 12,
      "rev": 2,
      "fields": {
        "System.AreaPath": "TailwindTradersTesting",
        "System.TeamProject": "TailwindTradersTesting",
        "System.IterationPath": "$ProjectName$\\Iteration 3",
        "System.WorkItemType": "Feature",
        "System.State": "New",
        "System.Reason": "New",
        "System.CreatedDate": "2023-03-20T19:02:36.493Z",
        "System.CreatedBy": "a_cilut <a_cilut@fastex.es>",
        "System.ChangedDate": "2023-03-20T19:02:36.493Z",
        "System.ChangedBy": "a_cilut <a_cilut@fastex.es>",
        "System.Title": "Purchase",
        "Microsoft.VSTS.Scheduling.Effort": 0.0,
        "System.Description": "Purchase",
        "System.AssignedTo": null,
        "Microsoft.VSTS.Scheduling.RemainingWork": 0.0,
        "Microsoft.VSTS.Common.Priority": 2.0,
        "System.BoardLane": null,
        "System.Tags": null,
        "Microsoft.VSTS.TCM.Steps": null,
        "Microsoft.VSTS.TCM.Parameters": null,
        "Microsoft.VSTS.TCM.LocalDataSource": null,
        "Microsoft.VSTS.TCM.AutomationStatus": null,
        "System.History": null
      },
      "relations": [
        {
          "rel": "System.LinkTypes.Hierarchy-Forward",
          "url": "https://dev.azure.com/CreadorProyectosOrg/_apis/wit/workItems/53",
          "attributes": {
            "isLocked": "false",
            "comment": "Making a new link for the dependency",
            "name": "Child"
          }
        },
        {
          "rel": "System.LinkTypes.Hierarchy-Forward",
          "url": "https://dev.azure.com/CreadorProyectosOrg/_apis/wit/workItems/65",
          "attributes": {
            "isLocked": "false",
            "comment": "Making a new link for the dependency",
            "name": "Child"
          }
        },
        {
          "rel": "System.LinkTypes.Hierarchy-Forward",
          "url": "https://dev.azure.com/CreadorProyectosOrg/_apis/wit/workItems/57",
          "attributes": {
            "isLocked": "false",
            "comment": "Making a new link for the dependency",
            "name": "Child"
          }
        },
        {
          "rel": "System.LinkTypes.Hierarchy-Forward",
          "url": "https://dev.azure.com/CreadorProyectosOrg/_apis/wit/workItems/68",
          "attributes": {
            "isLocked": "false",
            "comment": "Making a new link for the dependency",
            "name": "Child"
          }
        },
        {
          "rel": "System.LinkTypes.Hierarchy-Reverse",
          "url": "https://dev.azure.com/CreadorProyectosOrg/_apis/wit/workItems/6",
          "attributes": {
            "isLocked": "false",
            "comment": "Making a new link for the dependency",
            "name": "Parent"
          }
        },
        {
          "rel": "System.LinkTypes.Hierarchy-Forward",
          "url": "https://dev.azure.com/CreadorProyectosOrg/_apis/wit/workItems/61",
          "attributes": {
            "isLocked": "false",
            "comment": "Making a new link for the dependency",
            "name": "Child"
          }
        }
      ],
      "url": "https://dev.azure.com/CreadorProyectosOrg/_apis/wit/workItems/12"
    },
    {
      "id": 13,
      "rev": 2,
      "fields": {
        "System.AreaPath": "TailwindTradersTesting",
        "System.TeamProject": "TailwindTradersTesting",
        "System.IterationPath": "$ProjectName$\\Iteration 1",
        "System.WorkItemType": "Feature",
        "System.State": "New",
        "System.Reason": "New",
        "System.CreatedDate": "2023-03-20T19:02:36.727Z",
        "System.CreatedBy": "a_cilut <a_cilut@fastex.es>",
        "System.ChangedDate": "2023-03-20T19:02:36.727Z",
        "System.ChangedBy": "a_cilut <a_cilut@fastex.es>",
        "System.Title": "Membership signup",
        "Microsoft.VSTS.Scheduling.Effort": 0.0,
        "System.Description": "Membership signup",
        "System.AssignedTo": null,
        "Microsoft.VSTS.Scheduling.RemainingWork": 0.0,
        "Microsoft.VSTS.Common.Priority": 2.0,
        "System.BoardLane": null,
        "System.Tags": null,
        "Microsoft.VSTS.TCM.Steps": null,
        "Microsoft.VSTS.TCM.Parameters": null,
        "Microsoft.VSTS.TCM.LocalDataSource": null,
        "Microsoft.VSTS.TCM.AutomationStatus": null,
        "System.History": null
      },
      "relations": [
        {
          "rel": "System.LinkTypes.Hierarchy-Reverse",
          "url": "https://dev.azure.com/CreadorProyectosOrg/_apis/wit/workItems/4",
          "attributes": {
            "isLocked": "false",
            "comment": "Making a new link for the dependency",
            "name": "Parent"
          }
        },
        {
          "rel": "System.LinkTypes.Hierarchy-Forward",
          "url": "https://dev.azure.com/CreadorProyectosOrg/_apis/wit/workItems/63",
          "attributes": {
            "isLocked": "false",
            "comment": "Making a new link for the dependency",
            "name": "Child"
          }
        },
        {
          "rel": "System.LinkTypes.Hierarchy-Forward",
          "url": "https://dev.azure.com/CreadorProyectosOrg/_apis/wit/workItems/54",
          "attributes": {
            "isLocked": "false",
            "comment": "Making a new link for the dependency",
            "name": "Child"
          }
        },
        {
          "rel": "System.LinkTypes.Hierarchy-Forward",
          "url": "https://dev.azure.com/CreadorProyectosOrg/_apis/wit/workItems/56",
          "attributes": {
            "isLocked": "false",
            "comment": "Making a new link for the dependency",
            "name": "Child"
          }
        }
      ],
      "url": "https://dev.azure.com/CreadorProyectosOrg/_apis/wit/workItems/13"
    },
    {
      "id": 14,
      "rev": 2,
      "fields": {
        "System.AreaPath": "TailwindTradersTesting",
        "System.TeamProject": "TailwindTradersTesting",
        "System.IterationPath": "TailwindTradersTesting",
        "System.WorkItemType": "Feature",
        "System.State": "New",
        "System.Reason": "New",
        "System.CreatedDate": "2023-03-20T19:02:37.04Z",
        "System.CreatedBy": "a_cilut <a_cilut@fastex.es>",
        "System.ChangedDate": "2023-03-20T19:02:37.04Z",
        "System.ChangedBy": "a_cilut <a_cilut@fastex.es>",
        "System.Title": "Price Catalog",
        "Microsoft.VSTS.Scheduling.Effort": 0.0,
        "System.Description": "Price Catalog",
        "System.AssignedTo": null,
        "Microsoft.VSTS.Scheduling.RemainingWork": 0.0,
        "Microsoft.VSTS.Common.Priority": 2.0,
        "System.BoardLane": null,
        "System.Tags": null,
        "Microsoft.VSTS.TCM.Steps": null,
        "Microsoft.VSTS.TCM.Parameters": null,
        "Microsoft.VSTS.TCM.LocalDataSource": null,
        "Microsoft.VSTS.TCM.AutomationStatus": null,
        "System.History": null
      },
      "relations": [
        {
          "rel": "System.LinkTypes.Hierarchy-Forward",
          "url": "https://dev.azure.com/CreadorProyectosOrg/_apis/wit/workItems/58",
          "attributes": {
            "isLocked": "false",
            "comment": "Making a new link for the dependency",
            "name": "Child"
          }
        },
        {
          "rel": "System.LinkTypes.Hierarchy-Forward",
          "url": "https://dev.azure.com/CreadorProyectosOrg/_apis/wit/workItems/1",
          "attributes": {
            "isLocked": "false",
            "comment": "Making a new link for the dependency",
            "name": "Child"
          }
        },
        {
          "rel": "System.LinkTypes.Hierarchy-Reverse",
          "url": "https://dev.azure.com/CreadorProyectosOrg/_apis/wit/workItems/6",
          "attributes": {
            "isLocked": "false",
            "comment": "Making a new link for the dependency",
            "name": "Parent"
          }
        }
      ],
      "url": "https://dev.azure.com/CreadorProyectosOrg/_apis/wit/workItems/14"
    },
    {
      "id": 15,
      "rev": 2,
      "fields": {
        "System.AreaPath": "TailwindTradersTesting",
        "System.TeamProject": "TailwindTradersTesting",
        "System.IterationPath": "$ProjectName$\\Iteration 2",
        "System.WorkItemType": "Feature",
        "System.State": "New",
        "System.Reason": "New",
        "System.CreatedDate": "2023-03-20T19:02:37.27Z",
        "System.CreatedBy": "a_cilut <a_cilut@fastex.es>",
        "System.ChangedDate": "2023-03-20T19:02:37.27Z",
        "System.ChangedBy": "a_cilut <a_cilut@fastex.es>",
        "System.Title": "Newsletter",
        "Microsoft.VSTS.Scheduling.Effort": 0.0,
        "System.Description": "Newsletter",
        "System.AssignedTo": null,
        "Microsoft.VSTS.Scheduling.RemainingWork": 0.0,
        "Microsoft.VSTS.Common.Priority": 2.0,
        "System.BoardLane": null,
        "System.Tags": null,
        "Microsoft.VSTS.TCM.Steps": null,
        "Microsoft.VSTS.TCM.Parameters": null,
        "Microsoft.VSTS.TCM.LocalDataSource": null,
        "Microsoft.VSTS.TCM.AutomationStatus": null,
        "System.History": null
      },
      "relations": [
        {
          "rel": "System.LinkTypes.Hierarchy-Forward",
          "url": "https://dev.azure.com/CreadorProyectosOrg/_apis/wit/workItems/59",
          "attributes": {
            "isLocked": "false",
            "comment": "Making a new link for the dependency",
            "name": "Child"
          }
        },
        {
          "rel": "System.LinkTypes.Hierarchy-Forward",
          "url": "https://dev.azure.com/CreadorProyectosOrg/_apis/wit/workItems/66",
          "attributes": {
            "isLocked": "false",
            "comment": "Making a new link for the dependency",
            "name": "Child"
          }
        },
        {
          "rel": "System.LinkTypes.Hierarchy-Reverse",
          "url": "https://dev.azure.com/CreadorProyectosOrg/_apis/wit/workItems/4",
          "attributes": {
            "isLocked": "false",
            "comment": "Making a new link for the dependency",
            "name": "Parent"
          }
        }
      ],
      "url": "https://dev.azure.com/CreadorProyectosOrg/_apis/wit/workItems/15"
    },
    {
      "id": 16,
      "rev": 2,
      "fields": {
        "System.AreaPath": "TailwindTradersTesting",
        "System.TeamProject": "TailwindTradersTesting",
        "System.IterationPath": "TailwindTradersTesting",
        "System.WorkItemType": "Feature",
        "System.State": "New",
        "System.Reason": "New",
        "System.CreatedDate": "2023-03-20T19:02:37.497Z",
        "System.CreatedBy": "a_cilut <a_cilut@fastex.es>",
        "System.ChangedDate": "2023-03-20T19:02:37.497Z",
        "System.ChangedBy": "a_cilut <a_cilut@fastex.es>",
        "System.Title": "Product Catalog",
        "Microsoft.VSTS.Scheduling.Effort": 0.0,
        "System.Description": "Product Catalog",
        "System.AssignedTo": null,
        "Microsoft.VSTS.Scheduling.RemainingWork": 0.0,
        "Microsoft.VSTS.Common.Priority": 2.0,
        "System.BoardLane": null,
        "System.Tags": null,
        "Microsoft.VSTS.TCM.Steps": null,
        "Microsoft.VSTS.TCM.Parameters": null,
        "Microsoft.VSTS.TCM.LocalDataSource": null,
        "Microsoft.VSTS.TCM.AutomationStatus": null,
        "System.History": null
      },
      "relations": [
        {
          "rel": "System.LinkTypes.Hierarchy-Forward",
          "url": "https://dev.azure.com/CreadorProyectosOrg/_apis/wit/workItems/55",
          "attributes": {
            "isLocked": "false",
            "comment": "Making a new link for the dependency",
            "name": "Child"
          }
        },
        {
          "rel": "System.LinkTypes.Hierarchy-Reverse",
          "url": "https://dev.azure.com/CreadorProyectosOrg/_apis/wit/workItems/6",
          "attributes": {
            "isLocked": "false",
            "comment": "Making a new link for the dependency",
            "name": "Parent"
          }
        },
        {
          "rel": "System.LinkTypes.Hierarchy-Forward",
          "url": "https://dev.azure.com/CreadorProyectosOrg/_apis/wit/workItems/52",
          "attributes": {
            "isLocked": "false",
            "comment": "Making a new link for the dependency",
            "name": "Child"
          }
        }
      ],
      "url": "https://dev.azure.com/CreadorProyectosOrg/_apis/wit/workItems/16"
    }
  ],
  "HttpStatusCode": 0,
  "Message": null
}