{
  "count": 12,
  "value": [
    {
      "id": 17,
      "rev": 5,
      "fields": {
        "System.AreaPath": "TailwindTradersTesting",
        "System.TeamProject": "TailwindTradersTesting",
        "System.IterationPath": "$ProjectName$\\Iteration 1",
        "System.WorkItemType": "Task",
        "System.State": "Closed",
        "System.Reason": "Completed",
        "System.CreatedDate": "2023-03-20T19:02:38.23Z",
        "System.CreatedBy": "a_cilut <a_cilut@fastex.es>",
        "System.ChangedDate": "2023-03-20T19:03:00.73Z",
        "System.ChangedBy": "a_cilut <a_cilut@fastex.es>",
        "System.Title": "As a User I want to view a public landing page with static information - JS",
        "Microsoft.VSTS.Scheduling.Effort": 0.0,
        "System.Description": "As a User I want to view a public landing page with static information - JS",
        "System.AssignedTo": null,
        "Microsoft.VSTS.Scheduling.RemainingWork": 0.0,
        "Microsoft.VSTS.Common.Priority": 2.0,
        "System.BoardLane": null,
        "System.Tags": null,
        "Microsoft.VSTS.TCM.Steps": null,
        "Microsoft.VSTS.TCM.Parameters": null,
        "Microsoft.VSTS.TCM.LocalDataSource": null,
        "Microsoft.VSTS.TCM.AutomationStatus": null,
        "System.History": null
      },
      "relations": [
        {
          "rel": "System.LinkTypes.Hierarchy-Reverse",
          "url": "https://dev.azure.com/CreadorProyectosOrg/_apis/wit/workItems/53",
          "attributes": {
            "isLocked": "false",
            "comment": "Making a new link for the dependency",
            "name": "Parent"
          }
        },
        {
          "rel": "ArtifactLink",
          "url": "vstfs:///Build/Build/6",
          "attributes": {
            "authorizedDate": "2023-03-20T19:03:00.033Z",
            "id": "12645289",
            "resourceCreatedDate": "2023-03-20T19:03:00.033Z",
            "resourceModifiedDate": "2023-03-20T19:03:00.033Z",
            "revisedDate": "9999-01-01T00:00:00Z",
            "name": "Integrated in build"
          }
        },
        {
          "rel": "ArtifactLink",
          "url": "vstfs:///Git/Commit/49fa88ec-f0a8-417b-8858-c824a4e8582a%2fe09b416c-8a2c-45a2-976a-8165f248b1b8%2fe253cb272a93936e38cd206de000f69e179820c0",
          "attributes": {
            "authorizedDate": "2023-03-20T19:03:00.493Z",
            "id": "12645291",
            "resourceCreatedDate": "2023-03-20T19:03:00.493Z",
            "resourceModifiedDate": "2023-03-20T19:03:00.493Z",
            "revisedDate": "9999-01-01T00:00:00Z",
            "name": "Fixed in Commit"
          }
        },
        {
          "rel": "ArtifactLink",
          "url": "vstfs:///Build/Build/275",
          "attributes": {
            "authorizedDate": "2023-03-20T19:03:00.73Z",
            "id": "12645292",
            "resourceCreatedDate": "2023-03-20T19:03:00.73Z",
            "resourceModifiedDate": "2023-03-20T19:03:00.73Z",
            "revisedDate": "9999-01-01T00:00:00Z",
            "name": "Integrated in build"
          }
        },
        {
          "rel": "ArtifactLink",
          "url": "vstfs:///Git/PullRequestId/49fa88ec-f0a8-417b-8858-c824a4e8582a%2fe09b416c-8a2c-45a2-976a-8165f248b1b8%2f1",
          "attributes": {
            "authorizedDate": "2023-03-20T19:03:00.267Z",
            "id": "12645290",
            "resourceCreatedDate": "2023-03-20T19:03:00.267Z",
            "resourceModifiedDate": "2023-03-20T19:03:00.267Z",
            "revisedDate": "9999-01-01T00:00:00Z",
            "name": "Pull Request"
          }
        }
      ],
      "url": "https://dev.azure.com/CreadorProyectosOrg/_apis/wit/workItems/17"
    },
    {
      "id": 18,
      "rev": 1,
      "fields": {
        "System.AreaPath": "TailwindTradersTesting",
        "System.TeamProject": "TailwindTradersTesting",
        "System.IterationPath": "$ProjectName$\\Iteration 1",
        "System.WorkItemType": "Task",
        "System.State": "Closed",
        "System.Reason": "Completed",
        "System.CreatedDate": "2023-03-20T19:02:38.917Z",
        "System.CreatedBy": "a_cilut <a_cilut@fastex.es>",
        "System.ChangedDate": "2023-03-20T19:02:38.917Z",
        "System.ChangedBy": "a_cilut <a_cilut@fastex.es>",
        "System.Title": "As a User I want to see a list of popular products in the landing page - Layout",
        "Microsoft.VSTS.Scheduling.Effort": 0.0,
        "System.Description": "As a User I want to see a list of popular products in the landing page - Layout",
        "System.AssignedTo": null,
        "Microsoft.VSTS.Scheduling.RemainingWork": 0.0,
        "Microsoft.VSTS.Common.Priority": 2.0,
        "System.BoardLane": null,
        "System.Tags": null,
        "Microsoft.VSTS.TCM.Steps": null,
        "Microsoft.VSTS.TCM.Parameters": null,
        "Microsoft.VSTS.TCM.LocalDataSource": null,
        "Microsoft.VSTS.TCM.AutomationStatus": null,
        "System.History": null
      },
      "relations": [
        {
          "rel": "System.LinkTypes.Hierarchy-Reverse",
          "url": "https://dev.azure.com/CreadorProyectosOrg/_apis/wit/workItems/52",
          "attributes": {
            "isLocked": "false",
            "comment": "Making a new link for the dependency",
            "name": "Parent"
          }
        }
      ],
      "url": "https://dev.azure.com/CreadorProyectosOrg/_apis/wit/workItems/18"
    },
    {
      "id": 19,
      "rev": 1,
      "fields": {
        "System.AreaPath": "TailwindTradersTesting",
        "System.TeamProject": "TailwindTradersTesting",
        "System.IterationPath": "$ProjectName$\\Iteration 1",
        "System.WorkItemType": "Task",
        "System.State": "Closed",
        "System.Reason": "Completed",
        "System.CreatedDate": "2023-03-20T19:02:39.143Z",
        "System.CreatedBy": "a_cilut <a_cilut@fastex.es>",
        "System.ChangedDate": "2023-03-20T19:02:39.143Z",
        "System.ChangedBy": "a_cilut <a_cilut@fastex.es>",
        "System.Title": "As a User I want to see a list of recommended product categories in the landing page",
        "Microsoft.VSTS.Scheduling.Effort": 0.0,
        "System.Description": "As a User I want to see a list of recommended product categories in the landing page",
        "System.AssignedTo": null,
        "Microsoft.VSTS.Scheduling.RemainingWork": 0.0,
        "Microsoft.VSTS.Common.Priority": 2.0,
        "System.BoardLane": null,
        "System.Tags": null,
        "Microsoft.VSTS.TCM.Steps": null,
        "Microsoft.VSTS.TCM.Parameters": null,
        "Microsoft.VSTS.TCM.LocalDataSource": null,
        "Microsoft.VSTS.TCM.AutomationStatus": null,
        "System.History": null
      },
      "relations": [
        {
          "rel": "System.LinkTypes.Hierarchy-Reverse",
          "url": "https://dev.azure.com/CreadorProyectosOrg/_apis/wit/workItems/53",
          "attributes": {
            "isLocked": "false",
            "comment": "Making a new link for the dependency",
            "name": "Parent"
          }
        }
      ],
      "url": "https://dev.azure.com/CreadorProyectosOrg/_apis/wit/workItems/19"
    },
    {
      "id": 20,
      "rev": 1,
      "fields": {
        "System.AreaPath": "TailwindTradersTesting",
        "System.TeamProject": "TailwindTradersTesting",
        "System.IterationPath": "$ProjectName$\\Iteration 2",
        "System.WorkItemType": "Task",
        "System.State": "Active",
        "System.Reason": "Work started",
        "System.CreatedDate": "2023-03-20T19:02:39.373Z",
        "System.CreatedBy": "a_cilut <a_cilut@fastex.es>",
        "System.ChangedDate": "2023-03-20T19:02:39.373Z",
        "System.ChangedBy": "a_cilut <a_cilut@fastex.es>",
        "System.Title": "Update DB schema ",
        "Microsoft.VSTS.Scheduling.Effort": 0.0,
        "System.Description": "Update DB schema ",
        "System.AssignedTo": null,
        "Microsoft.VSTS.Scheduling.RemainingWork": 0.0,
        "Microsoft.VSTS.Common.Priority": 2.0,
        "System.BoardLane": null,
        "System.Tags": null,
        "Microsoft.VSTS.TCM.Steps": null,
        "Microsoft.VSTS.TCM.Parameters": null,
        "Microsoft.VSTS.TCM.LocalDataSource": null,
        "Microsoft.VSTS.TCM.AutomationStatus": null,
        "System.History": null
      },
      "relations": [
        {
          "rel": "System.LinkTypes.Hierarchy-Reverse",
          "url": "https://dev.azure.com/CreadorProyectosOrg/_apis/wit/workItems/54",
          "attributes": {
            "isLocked": "false",
            "comment": "Making a new link for the dependency",
            "name": "Parent"
          }
        }
      ],
      "url": "https://dev.azure.com/CreadorProyectosOrg/_apis/wit/workItems/20"
    },
    {
      "id": 21,
      "rev": 1,
      "fields": {
        "System.AreaPath": "TailwindTradersTesting",
        "System.TeamProject": "TailwindTradersTesting",
        "System.IterationPath": "$ProjectName$\\Iteration 2",
        "System.WorkItemType": "Task",
        "System.State": "New",
        "System.Reason": "New",
        "System.CreatedDate": "2023-03-20T19:02:39.61Z",
        "System.CreatedBy": "a_cilut <a_cilut@fastex.es>",
        "System.ChangedDate": "2023-03-20T19:02:39.61Z",
        "System.ChangedBy": "a_cilut <a_cilut@fastex.es>",
        "System.Title": "Route to login screen if not signed in or upon timeout",
        "Microsoft.VSTS.Scheduling.Effort": 0.0,
        "System.Description": "Route to login screen if not signed in or upon timeout",
        "System.AssignedTo": null,
        "Microsoft.VSTS.Scheduling.RemainingWork": 0.0,
        "Microsoft.VSTS.Common.Priority": 2.0,
        "System.BoardLane": null,
        "System.Tags": null,
        "Microsoft.VSTS.TCM.Steps": null,
        "Microsoft.VSTS.TCM.Parameters": null,
        "Microsoft.VSTS.TCM.LocalDataSource": null,
        "Microsoft.VSTS.TCM.AutomationStatus": null,
        "System.History": null
      },
      "relations": [
        {
          "rel": "System.LinkTypes.Hierarchy-Reverse",
          "url": "https://dev.azure.com/CreadorProyectosOrg/_apis/wit/workItems/54",
          "attributes": {
            "isLocked": "false",
            "comment": "Making a new link for the dependency",
            "name": "Parent"
          }
        }
      ],
      "url": "https://dev.azure.com/CreadorProyectosOrg/_apis/wit/workItems/21"
    },
    {
      "id": 22,
      "rev": 1,
      "fields": {
        "System.AreaPath": "TailwindTradersTesting",
        "System.TeamProject": "TailwindTradersTesting",
        "System.IterationPath": "$ProjectName$\\Iteration 1",
        "System.WorkItemType": "Task",
        "System.State": "Closed",
        "System.Reason": "Completed",
        "System.CreatedDate": "2023-03-20T19:02:39.85Z",
        "System.CreatedBy": "a_cilut <a_cilut@fastex.es>",
        "System.ChangedDate": "2023-03-20T19:02:39.85Z",
        "System.ChangedBy": "a_cilut <a_cilut@fastex.es>",
        "System.Title": "Remove item if qty is set to zero",
        "Microsoft.VSTS.Scheduling.Effort": 0.0,
        "System.Description": "Remove item if qty is set to zero",
        "System.AssignedTo": null,
        "Microsoft.VSTS.Scheduling.RemainingWork": 0.0,
        "Microsoft.VSTS.Common.Priority": 2.0,
        "System.BoardLane": null,
        "System.Tags": null,
        "Microsoft.VSTS.TCM.Steps": null,
        "Microsoft.VSTS.TCM.Parameters": null,
        "Microsoft.VSTS.TCM.LocalDataSource": null,
        "Microsoft.VSTS.TCM.AutomationStatus": null,
        "System.History": null
      },
      "relations": [
        {
          "rel": "System.LinkTypes.Hierarchy-Reverse",
          "url": "https://dev.azure.com/CreadorProyectosOrg/_apis/wit/workItems/61",
          "attributes": {
            "isLocked": "false",
            "comment": "Making a new link for the dependency",
            "name": "Parent"
          }
        }
      ],
      "url": "https://dev.azure.com/CreadorProyectosOrg/_apis/wit/workItems/22"
    },
    {
      "id": 23,
      "rev": 1,
      "fields": {
        "System.AreaPath": "TailwindTradersTesting",
        "System.TeamProject": "TailwindTradersTesting",
        "System.IterationPath": "$ProjectName$\\Iteration 2",
        "System.WorkItemType": "Task",
        "System.State": "New",
        "System.Reason": "New",
        "System.CreatedDate": "2023-03-20T19:02:40.093Z",
        "System.CreatedBy": "a_cilut <a_cilut@fastex.es>",
        "System.ChangedDate": "2023-03-20T19:02:40.093Z",
        "System.ChangedBy": "a_cilut <a_cilut@fastex.es>",
        "System.Title": "Shows the total price of all items",
        "Microsoft.VSTS.Scheduling.Effort": 0.0,
        "System.Description": "Shows the total price of all items",
        "System.AssignedTo": null,
        "Microsoft.VSTS.Scheduling.RemainingWork": 0.0,
        "Microsoft.VSTS.Common.Priority": 2.0,
        "System.BoardLane": null,
        "System.Tags": null,
        "Microsoft.VSTS.TCM.Steps": null,
        "Microsoft.VSTS.TCM.Parameters": null,
        "Microsoft.VSTS.TCM.LocalDataSource": null,
        "Microsoft.VSTS.TCM.AutomationStatus": null,
        "System.History": null
      },
      "relations": [
        {
          "rel": "System.LinkTypes.Hierarchy-Reverse",
          "url": "https://dev.azure.com/CreadorProyectosOrg/_apis/wit/workItems/53",
          "attributes": {
            "isLocked": "false",
            "comment": "Making a new link for the dependency",
            "name": "Parent"
          }
        }
      ],
      "url": "https://dev.azure.com/CreadorProyectosOrg/_apis/wit/workItems/23"
    },
    {
      "id": 24,
      "rev": 1,
      "fields": {
        "System.AreaPath": "TailwindTradersTesting",
        "System.TeamProject": "TailwindTradersTesting",
        "System.IterationPath": "$ProjectName$\\Iteration 2",
        "System.WorkItemType": "Task",
        "System.State": "Active",
        "System.Reason": "Work started",
        "System.CreatedDate": "2023-03-20T19:02:40.783Z",
        "System.CreatedBy": "a_cilut <a_cilut@fastex.es>",
        "System.ChangedDate": "2023-03-20T19:02:40.783Z",
        "System.ChangedBy": "a_cilut <a_cilut@fastex.es>",
        "System.Title": "Create a new route and view for cart",
        "Microsoft.VSTS.Scheduling.Effort": 0.0,
        "System.Description": "Create a new route and view for cart",
        "System.AssignedTo": null,
        "Microsoft.VSTS.Scheduling.RemainingWork": 0.0,
        "Microsoft.VSTS.Common.Priority": 2.0,
        "System.BoardLane": null,
        "System.Tags": null,
        "Microsoft.VSTS.TCM.Steps": null,
        "Microsoft.VSTS.TCM.Parameters": null,
        "Microsoft.VSTS.TCM.LocalDataSource": null,
        "Microsoft.VSTS.TCM.AutomationStatus": null,
        "System.History": null
      },
      "relations": [
        {
          "rel": "System.LinkTypes.Hierarchy-Reverse",
          "url": "https://dev.azure.com/CreadorProyectosOrg/_apis/wit/workItems/53",
          "attributes": {
            "isLocked": "false",
            "comment": "Making a new link for the dependency",
            "name": "Parent"
          }
        }
      ],
      "url": "https://dev.azure.com/CreadorProyectosOrg/_apis/wit/workItems/24"
    },
    {
      "id": 25,
      "rev": 1,
      "fields": {
        "System.AreaPath": "TailwindTradersTesting",
        "System.TeamProject": "TailwindTradersTesting",
        "System.IterationPath": "$ProjectName$\\Iteration 1",
        "System.WorkItemType": "Task",
        "System.State": "Closed",
        "System.Reason": "Completed",
        "System.CreatedDate": "2023-03-20T19:02:41.017Z",
        "System.CreatedBy": "a_cilut <a_cilut@fastex.es>",
        "System.ChangedDate": "2023-03-20T19:02:41.017Z",
        "System.ChangedBy": "a_cilut <a_cilut@fastex.es>",
        "System.Title": "As a user, I want to choose to unsubscribe newsletters",
        "Microsoft.VSTS.Scheduling.Effort": 0.0,
        "System.Description": "As a user, I want to choose to unsubscribe newsletters",
        "System.AssignedTo": null,
        "Microsoft.VSTS.Scheduling.RemainingWork": 0.0,
        "Microsoft.VSTS.Common.Priority": 2.0,
        "System.BoardLane": null,
        "System.Tags": null,
        "Microsoft.VSTS.TCM.Steps": null,
        "Microsoft.VSTS.TCM.Parameters": null,
        "Microsoft.VSTS.TCM.LocalDataSource": null,
        "Microsoft.VSTS.TCM.AutomationStatus": null,
        "System.History": null
      },
      "relations": [
        {
          "rel": "System.LinkTypes.Hierarchy-Reverse",
          "url": "https://dev.azure.com/CreadorProyectosOrg/_apis/wit/workItems/66",
          "attributes": {
            "isLocked": "false",
            "comment": "Making a new link for the dependency",
            "name": "Parent"
          }
        }
      ],
      "url": "https://dev.azure.com/CreadorProyectosOrg/_apis/wit/workItems/25"
    },
    {
      "id": 26,
      "rev": 1,
      "fields": {
        "System.AreaPath": "TailwindTradersTesting",
        "System.TeamProject": "TailwindTradersTesting",
        "System.IterationPath": "TailwindTradersTesting",
        "System.WorkItemType": "Task",
        "System.State": "Closed",
        "System.Reason": "Completed",
        "System.CreatedDate": "2023-03-20T19:02:41.25Z",
        "System.CreatedBy": "a_cilut <a_cilut@fastex.es>",
        "System.ChangedDate": "2023-03-20T19:02:41.25Z",
        "System.ChangedBy": "a_cilut <a_cilut@fastex.es>",
        "System.Title": "Update ARM template for deployment",
        "Microsoft.VSTS.Scheduling.Effort": 0.0,
        "System.Description": "Update ARM template for deployment",
        "System.AssignedTo": null,
        "Microsoft.VSTS.Scheduling.RemainingWork": 0.0,
        "Microsoft.VSTS.Common.Priority": 2.0,
        "System.BoardLane": null,
        "System.Tags": null,
        "Microsoft.VSTS.TCM.Steps": null,
        "Microsoft.VSTS.TCM.Parameters": null,
        "Microsoft.VSTS.TCM.LocalDataSource": null,
        "Microsoft.VSTS.TCM.AutomationStatus": null,
        "System.History": null
      },
      "relations": null,
      "url": "https://dev.azure.com/CreadorProyectosOrg/_apis/wit/workItems/26"
    },
    {
      "id": 27,
      "rev": 5,
      "fields": {
        "System.AreaPath": "TailwindTradersTesting",
        "System.TeamProject": "TailwindTradersTesting",
        "System.IterationPath": "$ProjectName$\\Iteration 1",
        "System.WorkItemType": "Task",
        "System.State": "Closed",
        "System.Reason": "Completed",
        "System.CreatedDate": "2023-03-20T19:02:41.49Z",
        "System.CreatedBy": "a_cilut <a_cilut@fastex.es>",
        "System.ChangedDate": "2023-03-20T19:03:01.677Z",
        "System.ChangedBy": "a_cilut <a_cilut@fastex.es>",
        "System.Title": "Create docker image",
        "Microsoft.VSTS.Scheduling.Effort": 0.0,
        "System.Description": "Create docker image",
        "System.AssignedTo": null,
        "Microsoft.VSTS.Scheduling.RemainingWork": 0.0,
        "Microsoft.VSTS.Common.Priority": 2.0,
        "System.BoardLane": null,
        "System.Tags": null,
        "Microsoft.VSTS.TCM.Steps": null,
        "Microsoft.VSTS.TCM.Parameters": null,
        "Microsoft.VSTS.TCM.LocalDataSource": null,
        "Microsoft.VSTS.TCM.AutomationStatus": null,
        "System.History": null
      },
      "relations": [
        {
          "rel": "System.LinkTypes.Hierarchy-Reverse",
          "url": "https://dev.azure.com/CreadorProyectosOrg/_apis/wit/workItems/52",
          "attributes": {
            "isLocked": "false",
            "comment": "Making a new link for the dependency",
            "name": "Parent"
          }
        },
        {
          "rel": "ArtifactLink",
          "url": "vstfs:///Build/Build/11",
          "attributes": {
            "authorizedDate": "2023-03-20T19:03:01.44Z",
            "id": "12645295",
            "resourceCreatedDate": "2023-03-20T19:03:01.44Z",
            "resourceModifiedDate": "2023-03-20T19:03:01.44Z",
            "revisedDate": "9999-01-01T00:00:00Z",
            "name": "Integrated in build"
          }
        },
        {
          "rel": "ArtifactLink",
          "url": "vstfs:///Git/PullRequestId/49fa88ec-f0a8-417b-8858-c824a4e8582a%2fe09b416c-8a2c-45a2-976a-8165f248b1b8%2f5",
          "attributes": {
            "authorizedDate": "2023-03-20T19:03:01.203Z",
            "id": "12645294",
            "resourceCreatedDate": "2023-03-20T19:03:01.203Z",
            "resourceModifiedDate": "2023-03-20T19:03:01.203Z",
            "revisedDate": "9999-01-01T00:00:00Z",
            "name": "Pull Request"
          }
        },
        {
          "rel": "ArtifactLink",
          "url": "vstfs:///Build/Build/275",
          "attributes": {
            "authorizedDate": "2023-03-20T19:03:01.677Z",
            "id": "12645296",
            "resourceCreatedDate": "2023-03-20T19:03:01.677Z",
            "resourceModifiedDate": "2023-03-20T19:03:01.677Z",
            "revisedDate": "9999-01-01T00:00:00Z",
            "name": "Integrated in build"
          }
        },
        {
          "rel": "ArtifactLink",
          "url": "vstfs:///Git/Commit/49fa88ec-f0a8-417b-8858-c824a4e8582a%2fe09b416c-8a2c-45a2-976a-8165f248b1b8%2fd9cf8de09144f18690c4d734d58283c72eb663a9",
          "attributes": {
            "authorizedDate": "2023-03-20T19:03:00.97Z",
            "id": "12645293",
            "resourceCreatedDate": "2023-03-20T19:03:00.97Z",
            "resourceModifiedDate": "2023-03-20T19:03:00.97Z",
            "revisedDate": "9999-01-01T00:00:00Z",
            "name": "Fixed in Commit"
          }
        }
      ],
      "url": "https://dev.azure.com/CreadorProyectosOrg/_apis/wit/workItems/27"
    },
    {
      "id": 28,
      "rev": 5,
      "fields": {
        "System.AreaPath": "TailwindTradersTesting",
        "System.TeamProject": "TailwindTradersTesting",
        "System.IterationPath": "$ProjectName$\\Iteration 1",
        "System.WorkItemType": "Task",
        "System.State": "Closed",
        "System.Reason": "Completed",
        "System.CreatedDate": "2023-03-20T19:02:41.813Z",
        "System.CreatedBy": "a_cilut <a_cilut@fastex.es>",
        "System.ChangedDate": "2023-03-20T19:03:02.603Z",
        "System.ChangedBy": "a_cilut <a_cilut@fastex.es>",
        "System.Title": "Create Azure environment",
        "Microsoft.VSTS.Scheduling.Effort": 0.0,
        "System.Description": "Create Azure environment",
        "System.AssignedTo": null,
        "Microsoft.VSTS.Scheduling.RemainingWork": 0.0,
        "Microsoft.VSTS.Common.Priority": 2.0,
        "System.BoardLane": null,
        "System.Tags": null,
        "Microsoft.VSTS.TCM.Steps": null,
        "Microsoft.VSTS.TCM.Parameters": null,
        "Microsoft.VSTS.TCM.LocalDataSource": null,
        "Microsoft.VSTS.TCM.AutomationStatus": null,
        "System.History": null
      },
      "relations": [
        {
          "rel": "System.LinkTypes.Hierarchy-Reverse",
          "url": "https://dev.azure.com/CreadorProyectosOrg/_apis/wit/workItems/52",
          "attributes": {
            "isLocked": "false",
            "comment": "Making a new link for the dependency",
            "name": "Parent"
          }
        },
        {
          "rel": "ArtifactLink",
          "url": "vstfs:///Git/PullRequestId/49fa88ec-f0a8-417b-8858-c824a4e8582a%2fe09b416c-8a2c-45a2-976a-8165f248b1b8%2f3",
          "attributes": {
            "authorizedDate": "2023-03-20T19:03:01.917Z",
            "id": "12645297",
            "resourceCreatedDate": "2023-03-20T19:03:01.917Z",
            "resourceModifiedDate": "2023-03-20T19:03:01.917Z",
            "revisedDate": "9999-01-01T00:00:00Z",
            "name": "Pull Request"
          }
        },
        {
          "rel": "ArtifactLink",
          "url": "vstfs:///Build/Build/10",
          "attributes": {
            "authorizedDate": "2023-03-20T19:03:02.603Z",
            "id": "12645300",
            "resourceCreatedDate": "2023-03-20T19:03:02.603Z",
            "resourceModifiedDate": "2023-03-20T19:03:02.603Z",
            "revisedDate": "9999-01-01T00:00:00Z",
            "name": "Integrated in build"
          }
        },
        {
          "rel": "ArtifactLink",
          "url": "vstfs:///Git/Commit/49fa88ec-f0a8-417b-8858-c824a4e8582a%2fe09b416c-8a2c-45a2-976a-8165f248b1b8%2f3a4cdf97cc0ea5f01ab4d3931b3f330047df28bd",
          "attributes": {
            "authorizedDate": "2023-03-20T19:03:02.373Z",
            "id": "12645299",
            "resourceCreatedDate": "2023-03-20T19:03:02.373Z",
            "resourceModifiedDate": "2023-03-20T19:03:02.373Z",
            "revisedDate": "9999-01-01T00:00:00Z",
            "name": "Fixed in Commit"
          }
        },
        {
          "rel": "ArtifactLink",
          "url": "vstfs:///Build/Build/275",
          "attributes": {
            "authorizedDate": "2023-03-20T19:03:02.147Z",
            "id": "12645298",
            "resourceCreatedDate": "2023-03-20T19:03:02.147Z",
            "resourceModifiedDate": "2023-03-20T19:03:02.147Z",
            "revisedDate": "9999-01-01T00:00:00Z",
            "name": "Integrated in build"
          }
        }
      ],
      "url": "https://dev.azure.com/CreadorProyectosOrg/_apis/wit/workItems/28"
    }
  ],
  "HttpStatusCode": 0,
  "Message": null
}