{
  "count": 17,
  "value": [
    {
      "id": 52,
      "rev": 2,
      "fields": {
        "System.AreaPath": "TailwindTradersTesting",
        "System.TeamProject": "TailwindTradersTesting",
        "System.IterationPath": "$ProjectName$\\Iteration 1",
        "System.WorkItemType": "User Story",
        "System.State": "Closed",
        "System.Reason": "Acceptance tests pass",
        "System.CreatedDate": "2023-03-20T19:02:48.37Z",
        "System.CreatedBy": "a_cilut <a_cilut@fastex.es>",
        "System.ChangedDate": "2023-03-20T19:02:48.37Z",
        "System.ChangedBy": "a_cilut <a_cilut@fastex.es>",
        "System.Title": "As a User I want to view products from a certain category",
        "Microsoft.VSTS.Scheduling.Effort": 0.0,
        "System.Description": "As a User I want to view products from a certain category",
        "System.AssignedTo": null,
        "Microsoft.VSTS.Scheduling.RemainingWork": 0.0,
        "Microsoft.VSTS.Common.Priority": 2.0,
        "System.BoardLane": null,
        "System.Tags": null,
        "Microsoft.VSTS.TCM.Steps": null,
        "Microsoft.VSTS.TCM.Parameters": null,
        "Microsoft.VSTS.TCM.LocalDataSource": null,
        "Microsoft.VSTS.TCM.AutomationStatus": null,
        "System.History": null
      },
      "relations": [
        {
          "rel": "System.LinkTypes.Hierarchy-Reverse",
          "url": "https://dev.azure.com/CreadorProyectosOrg/_apis/wit/workItems/16",
          "attributes": {
            "isLocked": "false",
            "comment": "Making a new link for the dependency",
            "name": "Parent"
          }
        },
        {
          "rel": "System.LinkTypes.Hierarchy-Forward",
          "url": "https://dev.azure.com/CreadorProyectosOrg/_apis/wit/workItems/18",
          "attributes": {
            "isLocked": "false",
            "comment": "Making a new link for the dependency",
            "name": "Child"
          }
        },
        {
          "rel": "System.LinkTypes.Hierarchy-Forward",
          "url": "https://dev.azure.com/CreadorProyectosOrg/_apis/wit/workItems/28",
          "attributes": {
            "isLocked": "false",
            "comment": "Making a new link for the dependency",
            "name": "Child"
          }
        },
        {
          "rel": "System.LinkTypes.Hierarchy-Forward",
          "url": "https://dev.azure.com/CreadorProyectosOrg/_apis/wit/workItems/27",
          "attributes": {
            "isLocked": "false",
            "comment": "Making a new link for the dependency",
            "name": "Child"
          }
        }
      ],
      "url": "https://dev.azure.com/CreadorProyectosOrg/_apis/wit/workItems/52"
    },
    {
      "id": 53,
      "rev": 2,
      "fields": {
        "System.AreaPath": "TailwindTradersTesting",
        "System.TeamProject": "TailwindTradersTesting",
        "System.IterationPath": "$ProjectName$\\Iteration 2",
        "System.WorkItemType": "User Story",
        "System.State": "Active",
        "System.Reason": "Implementation started",
        "System.CreatedDate": "2023-03-20T19:02:48.597Z",
        "System.CreatedBy": "a_cilut <a_cilut@fastex.es>",
        "System.ChangedDate": "2023-03-20T19:02:48.597Z",
        "System.ChangedBy": "a_cilut <a_cilut@fastex.es>",
        "System.Title": "As a User, I want to add items to my shopping cart",
        "Microsoft.VSTS.Scheduling.Effort": 0.0,
        "System.Description": "As a User, I want to add items to my shopping cart",
        "System.AssignedTo": null,
        "Microsoft.VSTS.Scheduling.RemainingWork": 0.0,
        "Microsoft.VSTS.Common.Priority": 2.0,
        "System.BoardLane": null,
        "System.Tags": null,
        "Microsoft.VSTS.TCM.Steps": null,
        "Microsoft.VSTS.TCM.Parameters": null,
        "Microsoft.VSTS.TCM.LocalDataSource": null,
        "Microsoft.VSTS.TCM.AutomationStatus": null,
        "System.History": null
      },
      "relations": [
        {
          "rel": "System.LinkTypes.Hierarchy-Forward",
          "url": "https://dev.azure.com/CreadorProyectosOrg/_apis/wit/workItems/19",
          "attributes": {
            "isLocked": "false",
            "comment": "Making a new link for the dependency",
            "name": "Child"
          }
        },
        {
          "rel": "System.LinkTypes.Hierarchy-Reverse",
          "url": "https://dev.azure.com/CreadorProyectosOrg/_apis/wit/workItems/12",
          "attributes": {
            "isLocked": "false",
            "comment": "Making a new link for the dependency",
            "name": "Parent"
          }
        },
        {
          "rel": "System.LinkTypes.Hierarchy-Forward",
          "url": "https://dev.azure.com/CreadorProyectosOrg/_apis/wit/workItems/24",
          "attributes": {
            "isLocked": "false",
            "comment": "Making a new link for the dependency",
            "name": "Child"
          }
        },
        {
          "rel": "System.LinkTypes.Hierarchy-Forward",
          "url": "https://dev.azure.com/CreadorProyectosOrg/_apis/wit/workItems/23",
          "attributes": {
            "isLocked": "false",
            "comment": "Making a new link for the dependency",
            "name": "Child"
          }
        },
        {
          "rel": "System.LinkTypes.Hierarchy-Forward",
          "url": "https://dev.azure.com/CreadorProyectosOrg/_apis/wit/workItems/17",
          "attributes": {
            "isLocked": "false",
            "comment": "Making a new link for the dependency",
            "name": "Child"
          }
        }
      ],
      "url": "https://dev.azure.com/CreadorProyectosOrg/_apis/wit/workItems/53"
    },
    {
      "id": 54,
      "rev": 2,
      "fields": {
        "System.AreaPath": "TailwindTradersTesting",
        "System.TeamProject": "TailwindTradersTesting",
        "System.IterationPath": "$ProjectName$\\Iteration 2",
        "System.WorkItemType": "User Story",
        "System.State": "Active",
        "System.Reason": "Implementation started",
        "System.CreatedDate": "2023-03-20T19:02:48.85Z",
        "System.CreatedBy": "a_cilut <a_cilut@fastex.es>",
        "System.ChangedDate": "2023-03-20T19:02:48.85Z",
        "System.ChangedBy": "a_cilut <a_cilut@fastex.es>",
        "System.Title": "As a User I want to view my user profile",
        "Microsoft.VSTS.Scheduling.Effort": 0.0,
        "System.Description": "As a User I want to view my user profile",
        "System.AssignedTo": null,
        "Microsoft.VSTS.Scheduling.RemainingWork": 0.0,
        "Microsoft.VSTS.Common.Priority": 2.0,
        "System.BoardLane": null,
        "System.Tags": null,
        "Microsoft.VSTS.TCM.Steps": null,
        "Microsoft.VSTS.TCM.Parameters": null,
        "Microsoft.VSTS.TCM.LocalDataSource": null,
        "Microsoft.VSTS.TCM.AutomationStatus": null,
        "System.History": null
      },
      "relations": [
        {
          "rel": "System.LinkTypes.Hierarchy-Forward",
          "url": "https://dev.azure.com/CreadorProyectosOrg/_apis/wit/workItems/20",
          "attributes": {
            "isLocked": "false",
            "comment": "Making a new link for the dependency",
            "name": "Child"
          }
        },
        {
          "rel": "System.LinkTypes.Hierarchy-Forward",
          "url": "https://dev.azure.com/CreadorProyectosOrg/_apis/wit/workItems/21",
          "attributes": {
            "isLocked": "false",
            "comment": "Making a new link for the dependency",
            "name": "Child"
          }
        },
        {
          "rel": "System.LinkTypes.Hierarchy-Reverse",
          "url": "https://dev.azure.com/CreadorProyectosOrg/_apis/wit/workItems/13",
          "attributes": {
            "isLocked": "false",
            "comment": "Making a new link for the dependency",
            "name": "Parent"
          }
        }
      ],
      "url": "https://dev.azure.com/CreadorProyectosOrg/_apis/wit/workItems/54"
    },
    {
      "id": 55,
      "rev": 2,
      "fields": {
        "System.AreaPath": "TailwindTradersTesting",
        "System.TeamProject": "TailwindTradersTesting",
        "System.IterationPath": "TailwindTradersTesting",
        "System.WorkItemType": "User Story",
        "System.State": "Active",
        "System.Reason": "Implementation started",
        "System.CreatedDate": "2023-03-20T19:02:49.09Z",
        "System.CreatedBy": "a_cilut <a_cilut@fastex.es>",
        "System.ChangedDate": "2023-03-20T19:02:49.09Z",
        "System.ChangedBy": "a_cilut <a_cilut@fastex.es>",
        "System.Title": "As a User I want to view product details ",
        "Microsoft.VSTS.Scheduling.Effort": 0.0,
        "System.Description": "As a User I want to view product details ",
        "System.AssignedTo": null,
        "Microsoft.VSTS.Scheduling.RemainingWork": 0.0,
        "Microsoft.VSTS.Common.Priority": 2.0,
        "System.BoardLane": null,
        "System.Tags": null,
        "Microsoft.VSTS.TCM.Steps": null,
        "Microsoft.VSTS.TCM.Parameters": null,
        "Microsoft.VSTS.TCM.LocalDataSource": null,
        "Microsoft.VSTS.TCM.AutomationStatus": null,
        "System.History": null
      },
      "relations": [
        {
          "rel": "System.LinkTypes.Hierarchy-Reverse",
          "url": "https://dev.azure.com/CreadorProyectosOrg/_apis/wit/workItems/16",
          "attributes": {
            "isLocked": "false",
            "comment": "Making a new link for the dependency",
            "name": "Parent"
          }
        }
      ],
      "url": "https://dev.azure.com/CreadorProyectosOrg/_apis/wit/workItems/55"
    },
    {
      "id": 56,
      "rev": 2,
      "fields": {
        "System.AreaPath": "TailwindTradersTesting",
        "System.TeamProject": "TailwindTradersTesting",
        "System.IterationPath": "$ProjectName$\\Iteration 2",
        "System.WorkItemType": "User Story",
        "System.State": "Active",
        "System.Reason": "Implementation started",
        "System.CreatedDate": "2023-03-20T19:02:49.327Z",
        "System.CreatedBy": "a_cilut <a_cilut@fastex.es>",
        "System.ChangedDate": "2023-03-20T19:02:49.327Z",
        "System.ChangedBy": "a_cilut <a_cilut@fastex.es>",
        "System.Title": "As a User, I want to be able to modify my particulars",
        "Microsoft.VSTS.Scheduling.Effort": 0.0,
        "System.Description": "As a User, I want to be able to modify my particulars",
        "System.AssignedTo": null,
        "Microsoft.VSTS.Scheduling.RemainingWork": 0.0,
        "Microsoft.VSTS.Common.Priority": 2.0,
        "System.BoardLane": null,
        "System.Tags": null,
        "Microsoft.VSTS.TCM.Steps": null,
        "Microsoft.VSTS.TCM.Parameters": null,
        "Microsoft.VSTS.TCM.LocalDataSource": null,
        "Microsoft.VSTS.TCM.AutomationStatus": null,
        "System.History": null
      },
      "relations": [
        {
          "rel": "System.LinkTypes.Hierarchy-Reverse",
          "url": "https://dev.azure.com/CreadorProyectosOrg/_apis/wit/workItems/13",
          "attributes": {
            "isLocked": "false",
            "comment": "Making a new link for the dependency",
            "name": "Parent"
          }
        }
      ],
      "url": "https://dev.azure.com/CreadorProyectosOrg/_apis/wit/workItems/56"
    },
    {
      "id": 57,
      "rev": 2,
      "fields": {
        "System.AreaPath": "TailwindTradersTesting",
        "System.TeamProject": "TailwindTradersTesting",
        "System.IterationPath": "$ProjectName$\\Iteration 3",
        "System.WorkItemType": "User Story",
        "System.State": "New",
        "System.Reason": "New",
        "System.CreatedDate": "2023-03-20T19:02:49.56Z",
        "System.CreatedBy": "a_cilut <a_cilut@fastex.es>",
        "System.ChangedDate": "2023-03-20T19:02:49.56Z",
        "System.ChangedBy": "a_cilut <a_cilut@fastex.es>",
        "System.Title": "As developer, I want to use Azure Machine Learning to provide a recommendations engine behind the website.",
        "Microsoft.VSTS.Scheduling.Effort": 0.0,
        "System.Description": "As developer, I want to use Azure Machine Learning to provide a recommendations engine behind the website.",
        "System.AssignedTo": null,
        "Microsoft.VSTS.Scheduling.RemainingWork": 0.0,
        "Microsoft.VSTS.Common.Priority": 2.0,
        "System.BoardLane": null,
        "System.Tags": null,
        "Microsoft.VSTS.TCM.Steps": null,
        "Microsoft.VSTS.TCM.Parameters": null,
        "Microsoft.VSTS.TCM.LocalDataSource": null,
        "Microsoft.VSTS.TCM.AutomationStatus": null,
        "System.History": null
      },
      "relations": [
        {
          "rel": "System.LinkTypes.Hierarchy-Reverse",
          "url": "https://dev.azure.com/CreadorProyectosOrg/_apis/wit/workItems/12",
          "attributes": {
            "isLocked": "false",
            "comment": "Making a new link for the dependency",
            "name": "Parent"
          }
        }
      ],
      "url": "https://dev.azure.com/CreadorProyectosOrg/_apis/wit/workItems/57"
    },
    {
      "id": 58,
      "rev": 2,
      "fields": {
        "System.AreaPath": "TailwindTradersTesting",
        "System.TeamProject": "TailwindTradersTesting",
        "System.IterationPath": "TailwindTradersTesting",
        "System.WorkItemType": "User Story",
        "System.State": "New",
        "System.Reason": "New",
        "System.CreatedDate": "2023-03-20T19:02:49.787Z",
        "System.CreatedBy": "a_cilut <a_cilut@fastex.es>",
        "System.ChangedDate": "2023-03-20T19:02:49.787Z",
        "System.ChangedBy": "a_cilut <a_cilut@fastex.es>",
        "System.Title": "As a admin, I should be able to update prices on ad-hoc condition",
        "Microsoft.VSTS.Scheduling.Effort": 0.0,
        "System.Description": "As a admin, I should be able to update prices on ad-hoc condition",
        "System.AssignedTo": null,
        "Microsoft.VSTS.Scheduling.RemainingWork": 0.0,
        "Microsoft.VSTS.Common.Priority": 2.0,
        "System.BoardLane": null,
        "System.Tags": null,
        "Microsoft.VSTS.TCM.Steps": null,
        "Microsoft.VSTS.TCM.Parameters": null,
        "Microsoft.VSTS.TCM.LocalDataSource": null,
        "Microsoft.VSTS.TCM.AutomationStatus": null,
        "System.History": null
      },
      "relations": [
        {
          "rel": "System.LinkTypes.Hierarchy-Reverse",
          "url": "https://dev.azure.com/CreadorProyectosOrg/_apis/wit/workItems/14",
          "attributes": {
            "isLocked": "false",
            "comment": "Making a new link for the dependency",
            "name": "Parent"
          }
        }
      ],
      "url": "https://dev.azure.com/CreadorProyectosOrg/_apis/wit/workItems/58"
    },
    {
      "id": 59,
      "rev": 2,
      "fields": {
        "System.AreaPath": "TailwindTradersTesting",
        "System.TeamProject": "TailwindTradersTesting",
        "System.IterationPath": "$ProjectName$\\Iteration 2",
        "System.WorkItemType": "User Story",
        "System.State": "New",
        "System.Reason": "New",
        "System.CreatedDate": "2023-03-20T19:02:50.017Z",
        "System.CreatedBy": "a_cilut <a_cilut@fastex.es>",
        "System.ChangedDate": "2023-03-20T19:02:50.017Z",
        "System.ChangedBy": "a_cilut <a_cilut@fastex.es>",
        "System.Title": "As a user, I want to be able to update the frequency and type of newsletters to receive",
        "Microsoft.VSTS.Scheduling.Effort": 0.0,
        "System.Description": "As a user, I want to be able to update the frequency and type of newsletters to receive",
        "System.AssignedTo": null,
        "Microsoft.VSTS.Scheduling.RemainingWork": 0.0,
        "Microsoft.VSTS.Common.Priority": 2.0,
        "System.BoardLane": null,
        "System.Tags": null,
        "Microsoft.VSTS.TCM.Steps": null,
        "Microsoft.VSTS.TCM.Parameters": null,
        "Microsoft.VSTS.TCM.LocalDataSource": null,
        "Microsoft.VSTS.TCM.AutomationStatus": null,
        "System.History": null
      },
      "relations": [
        {
          "rel": "System.LinkTypes.Hierarchy-Reverse",
          "url": "https://dev.azure.com/CreadorProyectosOrg/_apis/wit/workItems/15",
          "attributes": {
            "isLocked": "false",
            "comment": "Making a new link for the dependency",
            "name": "Parent"
          }
        }
      ],
      "url": "https://dev.azure.com/CreadorProyectosOrg/_apis/wit/workItems/59"
    },
    {
      "id": 60,
      "rev": 2,
      "fields": {
        "System.AreaPath": "TailwindTradersTesting",
        "System.TeamProject": "TailwindTradersTesting",
        "System.IterationPath": "$ProjectName$\\Iteration 2",
        "System.WorkItemType": "User Story",
        "System.State": "Resolved",
        "System.Reason": "Code complete and unit tests pass",
        "System.CreatedDate": "2023-03-20T19:02:50.247Z",
        "System.CreatedBy": "a_cilut <a_cilut@fastex.es>",
        "System.ChangedDate": "2023-03-20T19:02:50.247Z",
        "System.ChangedBy": "a_cilut <a_cilut@fastex.es>",
        "System.Title": "As an admin, I want to generate coupons for customers",
        "Microsoft.VSTS.Scheduling.Effort": 0.0,
        "System.Description": "As an admin, I want to generate coupons for customers",
        "System.AssignedTo": null,
        "Microsoft.VSTS.Scheduling.RemainingWork": 0.0,
        "Microsoft.VSTS.Common.Priority": 2.0,
        "System.BoardLane": null,
        "System.Tags": null,
        "Microsoft.VSTS.TCM.Steps": null,
        "Microsoft.VSTS.TCM.Parameters": null,
        "Microsoft.VSTS.TCM.LocalDataSource": null,
        "Microsoft.VSTS.TCM.AutomationStatus": null,
        "System.History": null
      },
      "relations": [
        {
          "rel": "System.LinkTypes.Hierarchy-Reverse",
          "url": "https://dev.azure.com/CreadorProyectosOrg/_apis/wit/workItems/9",
          "attributes": {
            "isLocked": "false",
            "comment": "Making a new link for the dependency",
            "name": "Parent"
          }
        }
      ],
      "url": "https://dev.azure.com/CreadorProyectosOrg/_apis/wit/workItems/60"
    },
    {
      "id": 61,
      "rev": 2,
      "fields": {
        "System.AreaPath": "TailwindTradersTesting",
        "System.TeamProject": "TailwindTradersTesting",
        "System.IterationPath": "$ProjectName$\\Iteration 1",
        "System.WorkItemType": "User Story",
        "System.State": "Closed",
        "System.Reason": "Acceptance tests pass",
        "System.CreatedDate": "2023-03-20T19:02:50.483Z",
        "System.CreatedBy": "a_cilut <a_cilut@fastex.es>",
        "System.ChangedDate": "2023-03-20T19:02:50.483Z",
        "System.ChangedBy": "a_cilut <a_cilut@fastex.es>",
        "System.Title": "As a User, I want to change quantity of items in my shopping cart",
        "Microsoft.VSTS.Scheduling.Effort": 0.0,
        "System.Description": "As a User, I want to change quantity of items in my shopping cart",
        "System.AssignedTo": null,
        "Microsoft.VSTS.Scheduling.RemainingWork": 0.0,
        "Microsoft.VSTS.Common.Priority": 2.0,
        "System.BoardLane": null,
        "System.Tags": null,
        "Microsoft.VSTS.TCM.Steps": null,
        "Microsoft.VSTS.TCM.Parameters": null,
        "Microsoft.VSTS.TCM.LocalDataSource": null,
        "Microsoft.VSTS.TCM.AutomationStatus": null,
        "System.History": null
      },
      "relations": [
        {
          "rel": "System.LinkTypes.Hierarchy-Forward",
          "url": "https://dev.azure.com/CreadorProyectosOrg/_apis/wit/workItems/22",
          "attributes": {
            "isLocked": "false",
            "comment": "Making a new link for the dependency",
            "name": "Child"
          }
        },
        {
          "rel": "System.LinkTypes.Hierarchy-Reverse",
          "url": "https://dev.azure.com/CreadorProyectosOrg/_apis/wit/workItems/12",
          "attributes": {
            "isLocked": "false",
            "comment": "Making a new link for the dependency",
            "name": "Parent"
          }
        }
      ],
      "url": "https://dev.azure.com/CreadorProyectosOrg/_apis/wit/workItems/61"
    },
    {
      "id": 62,
      "rev": 2,
      "fields": {
        "System.AreaPath": "TailwindTradersTesting",
        "System.TeamProject": "TailwindTradersTesting",
        "System.IterationPath": "$ProjectName$\\Iteration 2",
        "System.WorkItemType": "User Story",
        "System.State": "Resolved",
        "System.Reason": "Code complete and unit tests pass",
        "System.CreatedDate": "2023-03-20T19:02:50.713Z",
        "System.CreatedBy": "a_cilut <a_cilut@fastex.es>",
        "System.ChangedDate": "2023-03-20T19:02:50.713Z",
        "System.ChangedBy": "a_cilut <a_cilut@fastex.es>",
        "System.Title": "As a User I want to view my discounts coupons",
        "Microsoft.VSTS.Scheduling.Effort": 0.0,
        "System.Description": "As a User I want to view my discounts coupons",
        "System.AssignedTo": null,
        "Microsoft.VSTS.Scheduling.RemainingWork": 0.0,
        "Microsoft.VSTS.Common.Priority": 2.0,
        "System.BoardLane": null,
        "System.Tags": null,
        "Microsoft.VSTS.TCM.Steps": null,
        "Microsoft.VSTS.TCM.Parameters": null,
        "Microsoft.VSTS.TCM.LocalDataSource": null,
        "Microsoft.VSTS.TCM.AutomationStatus": null,
        "System.History": null
      },
      "relations": [
        {
          "rel": "System.LinkTypes.Hierarchy-Reverse",
          "url": "https://dev.azure.com/CreadorProyectosOrg/_apis/wit/workItems/9",
          "attributes": {
            "isLocked": "false",
            "comment": "Making a new link for the dependency",
            "name": "Parent"
          }
        }
      ],
      "url": "https://dev.azure.com/CreadorProyectosOrg/_apis/wit/workItems/62"
    },
    {
      "id": 63,
      "rev": 2,
      "fields": {
        "System.AreaPath": "TailwindTradersTesting",
        "System.TeamProject": "TailwindTradersTesting",
        "System.IterationPath": "$ProjectName$\\Iteration 2",
        "System.WorkItemType": "User Story",
        "System.State": "Resolved",
        "System.Reason": "Code complete and unit tests pass",
        "System.CreatedDate": "2023-03-20T19:02:50.95Z",
        "System.CreatedBy": "a_cilut <a_cilut@fastex.es>",
        "System.ChangedDate": "2023-03-20T19:02:50.95Z",
        "System.ChangedBy": "a_cilut <a_cilut@fastex.es>",
        "System.Title": "As a user, I want to choose to unsubscribe newsletters",
        "Microsoft.VSTS.Scheduling.Effort": 0.0,
        "System.Description": "As a user, I want to choose to unsubscribe newsletters",
        "System.AssignedTo": null,
        "Microsoft.VSTS.Scheduling.RemainingWork": 0.0,
        "Microsoft.VSTS.Common.Priority": 2.0,
        "System.BoardLane": null,
        "System.Tags": null,
        "Microsoft.VSTS.TCM.Steps": null,
        "Microsoft.VSTS.TCM.Parameters": null,
        "Microsoft.VSTS.TCM.LocalDataSource": null,
        "Microsoft.VSTS.TCM.AutomationStatus": null,
        "System.History": null
      },
      "relations": [
        {
          "rel": "System.LinkTypes.Hierarchy-Reverse",
          "url": "https://dev.azure.com/CreadorProyectosOrg/_apis/wit/workItems/13",
          "attributes": {
            "isLocked": "false",
            "comment": "Making a new link for the dependency",
            "name": "Parent"
          }
        }
      ],
      "url": "https://dev.azure.com/CreadorProyectosOrg/_apis/wit/workItems/63"
    },
    {
      "id": 64,
      "rev": 2,
      "fields": {
        "System.AreaPath": "TailwindTradersTesting",
        "System.TeamProject": "TailwindTradersTesting",
        "System.IterationPath": "$ProjectName$\\Iteration 1",
        "System.WorkItemType": "User Story",
        "System.State": "New",
        "System.Reason": "New",
        "System.CreatedDate": "2023-03-20T19:02:51.18Z",
        "System.CreatedBy": "a_cilut <a_cilut@fastex.es>",
        "System.ChangedDate": "2023-03-20T19:02:51.18Z",
        "System.ChangedBy": "a_cilut <a_cilut@fastex.es>",
        "System.Title": "As a User, I should be able to select different shipping option",
        "Microsoft.VSTS.Scheduling.Effort": 0.0,
        "System.Description": "As a User, I should be able to select different shipping option",
        "System.AssignedTo": null,
        "Microsoft.VSTS.Scheduling.RemainingWork": 0.0,
        "Microsoft.VSTS.Common.Priority": 2.0,
        "System.BoardLane": null,
        "System.Tags": null,
        "Microsoft.VSTS.TCM.Steps": null,
        "Microsoft.VSTS.TCM.Parameters": null,
        "Microsoft.VSTS.TCM.LocalDataSource": null,
        "Microsoft.VSTS.TCM.AutomationStatus": null,
        "System.History": null
      },
      "relations": [
        {
          "rel": "System.LinkTypes.Hierarchy-Reverse",
          "url": "https://dev.azure.com/CreadorProyectosOrg/_apis/wit/workItems/7",
          "attributes": {
            "isLocked": "false",
            "comment": "Making a new link for the dependency",
            "name": "Parent"
          }
        }
      ],
      "url": "https://dev.azure.com/CreadorProyectosOrg/_apis/wit/workItems/64"
    },
    {
      "id": 65,
      "rev": 2,
      "fields": {
        "System.AreaPath": "TailwindTradersTesting",
        "System.TeamProject": "TailwindTradersTesting",
        "System.IterationPath": "$ProjectName$\\Iteration 3",
        "System.WorkItemType": "User Story",
        "System.State": "New",
        "System.Reason": "New",
        "System.CreatedDate": "2023-03-20T19:02:51.403Z",
        "System.CreatedBy": "a_cilut <a_cilut@fastex.es>",
        "System.ChangedDate": "2023-03-20T19:02:51.403Z",
        "System.ChangedBy": "a_cilut <a_cilut@fastex.es>",
        "System.Title": "As a User, I want to remove items from my shopping cart",
        "Microsoft.VSTS.Scheduling.Effort": 0.0,
        "System.Description": "As a User, I want to remove items from my shopping cart",
        "System.AssignedTo": null,
        "Microsoft.VSTS.Scheduling.RemainingWork": 0.0,
        "Microsoft.VSTS.Common.Priority": 2.0,
        "System.BoardLane": null,
        "System.Tags": null,
        "Microsoft.VSTS.TCM.Steps": null,
        "Microsoft.VSTS.TCM.Parameters": null,
        "Microsoft.VSTS.TCM.LocalDataSource": null,
        "Microsoft.VSTS.TCM.AutomationStatus": null,
        "System.History": null
      },
      "relations": [
        {
          "rel": "System.LinkTypes.Hierarchy-Reverse",
          "url": "https://dev.azure.com/CreadorProyectosOrg/_apis/wit/workItems/12",
          "attributes": {
            "isLocked": "false",
            "comment": "Making a new link for the dependency",
            "name": "Parent"
          }
        }
      ],
      "url": "https://dev.azure.com/CreadorProyectosOrg/_apis/wit/workItems/65"
    },
    {
      "id": 66,
      "rev": 2,
      "fields": {
        "System.AreaPath": "TailwindTradersTesting",
        "System.TeamProject": "TailwindTradersTesting",
        "System.IterationPath": "$ProjectName$\\Iteration 1",
        "System.WorkItemType": "User Story",
        "System.State": "Closed",
        "System.Reason": "Acceptance tests pass",
        "System.CreatedDate": "2023-03-20T19:02:51.637Z",
        "System.CreatedBy": "a_cilut <a_cilut@fastex.es>",
        "System.ChangedDate": "2023-03-20T19:02:51.637Z",
        "System.ChangedBy": "a_cilut <a_cilut@fastex.es>",
        "System.Title": "As a user, I want to subscribe to newsletters",
        "Microsoft.VSTS.Scheduling.Effort": 0.0,
        "System.Description": "As a user, I want to subscribe to newsletters",
        "System.AssignedTo": null,
        "Microsoft.VSTS.Scheduling.RemainingWork": 0.0,
        "Microsoft.VSTS.Common.Priority": 2.0,
        "System.BoardLane": null,
        "System.Tags": null,
        "Microsoft.VSTS.TCM.Steps": null,
        "Microsoft.VSTS.TCM.Parameters": null,
        "Microsoft.VSTS.TCM.LocalDataSource": null,
        "Microsoft.VSTS.TCM.AutomationStatus": null,
        "System.History": null
      },
      "relations": [
        {
          "rel": "System.LinkTypes.Hierarchy-Forward",
          "url": "https://dev.azure.com/CreadorProyectosOrg/_apis/wit/workItems/25",
          "attributes": {
            "isLocked": "false",
            "comment": "Making a new link for the dependency",
            "name": "Child"
          }
        },
        {
          "rel": "System.LinkTypes.Hierarchy-Reverse",
          "url": "https://dev.azure.com/CreadorProyectosOrg/_apis/wit/workItems/15",
          "attributes": {
            "isLocked": "false",
            "comment": "Making a new link for the dependency",
            "name": "Parent"
          }
        }
      ],
      "url": "https://dev.azure.com/CreadorProyectosOrg/_apis/wit/workItems/66"
    },
    {
      "id": 67,
      "rev": 2,
      "fields": {
        "System.AreaPath": "TailwindTradersTesting",
        "System.TeamProject": "TailwindTradersTesting",
        "System.IterationPath": "$ProjectName$\\Iteration 1",
        "System.WorkItemType": "User Story",
        "System.State": "New",
        "System.Reason": "New",
        "System.CreatedDate": "2023-03-20T19:02:51.877Z",
        "System.CreatedBy": "a_cilut <a_cilut@fastex.es>",
        "System.ChangedDate": "2023-03-20T19:02:51.877Z",
        "System.ChangedBy": "a_cilut <a_cilut@fastex.es>",
        "System.Title": "As an admin, I want to set order limit for free shipping ",
        "Microsoft.VSTS.Scheduling.Effort": 0.0,
        "System.Description": "As an admin, I want to set order limit for free shipping ",
        "System.AssignedTo": null,
        "Microsoft.VSTS.Scheduling.RemainingWork": 0.0,
        "Microsoft.VSTS.Common.Priority": 2.0,
        "System.BoardLane": null,
        "System.Tags": null,
        "Microsoft.VSTS.TCM.Steps": null,
        "Microsoft.VSTS.TCM.Parameters": null,
        "Microsoft.VSTS.TCM.LocalDataSource": null,
        "Microsoft.VSTS.TCM.AutomationStatus": null,
        "System.History": null
      },
      "relations": [
        {
          "rel": "System.LinkTypes.Hierarchy-Reverse",
          "url": "https://dev.azure.com/CreadorProyectosOrg/_apis/wit/workItems/7",
          "attributes": {
            "isLocked": "false",
            "comment": "Making a new link for the dependency",
            "name": "Parent"
          }
        }
      ],
      "url": "https://dev.azure.com/CreadorProyectosOrg/_apis/wit/workItems/67"
    },
    {
      "id": 68,
      "rev": 2,
      "fields": {
        "System.AreaPath": "TailwindTradersTesting",
        "System.TeamProject": "TailwindTradersTesting",
        "System.IterationPath": "$ProjectName$\\Iteration 3",
        "System.WorkItemType": "User Story",
        "System.State": "New",
        "System.Reason": "New",
        "System.CreatedDate": "2023-03-20T19:02:52.117Z",
        "System.CreatedBy": "a_cilut <a_cilut@fastex.es>",
        "System.ChangedDate": "2023-03-20T19:02:52.117Z",
        "System.ChangedBy": "a_cilut <a_cilut@fastex.es>",
        "System.Title": "As a User, I want to view my past orders",
        "Microsoft.VSTS.Scheduling.Effort": 0.0,
        "System.Description": "As a User, I want to view my past orders",
        "System.AssignedTo": null,
        "Microsoft.VSTS.Scheduling.RemainingWork": 0.0,
        "Microsoft.VSTS.Common.Priority": 2.0,
        "System.BoardLane": null,
        "System.Tags": null,
        "Microsoft.VSTS.TCM.Steps": null,
        "Microsoft.VSTS.TCM.Parameters": null,
        "Microsoft.VSTS.TCM.LocalDataSource": null,
        "Microsoft.VSTS.TCM.AutomationStatus": null,
        "System.History": null
      },
      "relations": [
        {
          "rel": "System.LinkTypes.Hierarchy-Reverse",
          "url": "https://dev.azure.com/CreadorProyectosOrg/_apis/wit/workItems/12",
          "attributes": {
            "isLocked": "false",
            "comment": "Making a new link for the dependency",
            "name": "Parent"
          }
        }
      ],
      "url": "https://dev.azure.com/CreadorProyectosOrg/_apis/wit/workItems/68"
    }
  ],
  "HttpStatusCode": 0,
  "Message": null
}